{
  "scale_free": {
    "GNNExplainer": {
      "mean_signed": 0.08398790933327595,
      "positive_rate": 0.65,
      "median": 0.0002337495485941569,
      "iqr": 0.11825755362709363,
      "acc": 0.08398790933327595
    },
    "Degree": {
      "mean_signed": 0.0022542248169581097,
      "positive_rate": 0.6166666666666667,
      "median": 4.967053731282552e-07,
      "iqr": 4.4157107671101885e-06,
      "acc": 0.0022542248169581097
    },
    "Random": {
      "mean_signed": 0.0030877133210500084,
      "positive_rate": 0.6666666666666666,
      "median": 6.953875223795573e-07,
      "iqr": 1.0554989178975424e-05,
      "acc": 0.0030877133210500084
    }
  },
  "small_world": {
    "GNNExplainer": {
      "mean_signed": 0.22749067479559623,
      "positive_rate": 0.7333333333333334,
      "median": 0.12344319621721904,
      "iqr": 0.4727841236162931,
      "acc": 0.22749067479559623
    },
    "Degree": {
      "mean_signed": -0.022332099080085755,
      "positive_rate": 0.06666666666666667,
      "median": 0.0,
      "iqr": 0.0002749611934026082,
      "acc": -0.022332099080085755
    },
    "Random": {
      "mean_signed": 0.006804378827412923,
      "positive_rate": 0.3333333333333333,
      "median": 0.0,
      "iqr": 0.0056832631429036455,
      "acc": 0.006804378827412923
    }
  },
  "random": {
    "GNNExplainer": {
      "mean_signed": 0.21279228934508865,
      "positive_rate": 0.9166666666666666,
      "median": 0.08006700873374939,
      "iqr": 0.352727995836176,
      "acc": 0.21279228934508865
    },
    "Degree": {
      "mean_signed": -4.107157389322916e-05,
      "positive_rate": 0.5166666666666667,
      "median": 1.7881393432617188e-07,
      "iqr": 5.70217768351237e-06,
      "acc": -4.107157389322916e-05
    },
    "Random": {
      "mean_signed": 1.8397967020670575e-06,
      "positive_rate": 0.3499999999999999,
      "median": -7.947285970052083e-08,
      "iqr": 1.3460715611775715e-06,
      "acc": 1.8397967020670575e-06
    }
  }
}