{
  "networks": {
    "scale_free": {
      "node_edge_consistency": {
        "mean": 0.15927604250360552,
        "std": 0.0571642832162012
      },
      "edge_subgraph_consistency": {
        "mean": 0.2949008697530294,
        "std": 0.07497021918473844
      },
      "node_subgraph_consistency": {
        "mean": 0.09539581229508051,
        "std": 0.022850413922116054
      },
      "num_important_edges": 41.7,
      "subgraph_sizes": 109.7
    },
    "small_world": {
      "node_edge_consistency": {
        "mean": 0.0,
        "std": 0.0
      },
      "edge_subgraph_consistency": {
        "mean": 0.3596755587530667,
        "std": 0.05975766317111194
      },
      "node_subgraph_consistency": {
        "mean": 0.0024877149877149877,
        "std": 0.007494046298020343
      },
      "num_important_edges": 5.7,
      "subgraph_sizes": 20.05
    },
    "random": {
      "node_edge_consistency": {
        "mean": 0.024585459399224303,
        "std": 0.034907069752725214
      },
      "edge_subgraph_consistency": {
        "mean": 0.14518496783821216,
        "std": 0.011729757091980151
      },
      "node_subgraph_consistency": {
        "mean": 0.028670403248412125,
        "std": 0.006598471458012524
      },
      "num_important_edges": 50.0,
      "subgraph_sizes": 363.95
    }
  }
}