{
  "networks": {
    "scale_free": {
      "node_edge_consistency": {
        "mean": 0.14745099990272814,
        "std": 0.06160194762039831
      },
      "edge_subgraph_consistency": {
        "mean": 0.31430468849109755,
        "std": 0.08024667598765015
      },
      "node_subgraph_consistency": {
        "mean": 0.0871831999523584,
        "std": 0.023961250354429475
      },
      "num_important_edges": 39.85,
      "subgraph_sizes": 110.15
    },
    "small_world": {
      "node_edge_consistency": {
        "mean": 0.03274891774891775,
        "std": 0.10459498660811992
      },
      "edge_subgraph_consistency": {
        "mean": 0.3092154660822045,
        "std": 0.0619305311820913
      },
      "node_subgraph_consistency": {
        "mean": 0.03045428659969735,
        "std": 0.08593579553900466
      },
      "num_important_edges": 5.45,
      "subgraph_sizes": 19.6
    },
    "random": {
      "node_edge_consistency": {
        "mean": 0.0755229072947605,
        "std": 0.02975104194446024
      },
      "edge_subgraph_consistency": {
        "mean": 0.15313146264872826,
        "std": 0.022979918319409317
      },
      "node_subgraph_consistency": {
        "mean": 0.034531056328164125,
        "std": 0.003936531321564046
      },
      "num_important_edges": 50.0,
      "subgraph_sizes": 339.0
    }
  }
}