{
  "full_model": {
    "mean_signed": 0.1126533813515986,
    "positive_rate": 0.5555555555555555,
    "median": 1.2715657552083333e-06,
    "iqr": 0.04036107659339905,
    "cross_gran_consistency": 0.21052631578947367
  },
  "no_multi_gran": {
    "mean_signed": 0.1126533813515986,
    "positive_rate": 0.5555555555555555,
    "median": 1.2715657552083333e-06,
    "iqr": 0.04036107659339905
  },
  "no_fusion": {
    "mean_signed": 0.1126533813515986,
    "positive_rate": 0.5555555555555555,
    "median": 1.2715657552083333e-06,
    "iqr": 0.04036107659339905
  },
  "no_trust": {
    "mean_signed": 0.1126533813515986,
    "positive_rate": 0.5555555555555555,
    "median": 1.2715657552083333e-06,
    "iqr": 0.04036107659339905
  },
  "gcnn_only": {
    "mean_signed": 0.1126533813515986,
    "positive_rate": 0.5555555555555555,
    "median": 1.2715657552083333e-06,
    "iqr": 0.04036107659339905
  }
}