{
  "full_model": {
    "fidelity_mean": 0.20464422569299737,
    "fidelity_std": 0.3600650253758669,
    "num_components": 3,
    "cross_granularity_consistency": 0.0
  },
  "no_multi_granular": {
    "fidelity_mean": 0.16989968970107536,
    "fidelity_std": 0.33144114202783603,
    "num_components": 2
  },
  "no_fusion": {
    "fidelity_mean": 0.19396224182273727,
    "fidelity_std": 0.3605405816284655,
    "num_components": 2,
    "cross_granularity_consistency": 0.0
  },
  "no_trust": {
    "fidelity_mean": 0.23207354603509883,
    "fidelity_std": 0.377191707298804,
    "num_components": 2,
    "cross_granularity_consistency": 0.0
  },
  "gcnn_only": {
    "fidelity_mean": 0.12546730995333444,
    "fidelity_std": 0.27290726520582126,
    "num_components": 0
  }
}