{
  "Power\u2194Communication (SF-SF)": {
    "accuracy": 0.8666666746139526,
    "xai": {
      "GNNExplainer": {
        "fidelity_mean": 0.4889099236577749,
        "fidelity_std": 0.45489658442102515
      },
      "Degree": {
        "fidelity_mean": 0,
        "fidelity_std": 0
      },
      "Random": {
        "fidelity_mean": 0,
        "fidelity_std": 0
      }
    },
    "cascade_size": 98,
    "cross_propagation": true,
    "resilience": 0.8366666666666667,
    "counterfactual": {
      "explain": {
        "reduction": 0.08163265306122448,
        "final_total": 90
      },
      "topology": {
        "reduction": 0.10204081632653061,
        "final_total": 88
      },
      "random": {
        "reduction": 0.02040816326530612,
        "final_total": 96
      }
    },
    "fusion_a": 0.25,
    "fusion_b": 0.42857142857142855
  },
  "Power\u2194Transport (SF-SW)": {
    "accuracy": 0.7583333253860474,
    "xai": {
      "GNNExplainer": {
        "fidelity_mean": 0.775562459952198,
        "fidelity_std": 0.3281397969650445
      },
      "Degree": {
        "fidelity_mean": 0,
        "fidelity_std": 0
      },
      "Random": {
        "fidelity_mean": 0,
        "fidelity_std": 0
      }
    },
    "cascade_size": 48,
    "cross_propagation": true,
    "resilience": 0.92,
    "counterfactual": {
      "explain": {
        "reduction": 0.14583333333333334,
        "final_total": 41
      },
      "topology": {
        "reduction": 0.10416666666666667,
        "final_total": 43
      },
      "random": {
        "reduction": 0.0,
        "final_total": 48
      }
    },
    "fusion_a": 0.42857142857142855,
    "fusion_b": 0.17647058823529413
  }
}