{
  "case39.mat": {
    "acc": 0.75,
    "num_nodes": 39,
    "num_edges": 92,
    "fidelity_mean_signed": 0.49088684072817806,
    "fidelity_positive_rate": 1.0,
    "fidelity_median": 0.4822142656194046
  },
  "case118.mat": {
    "acc": 0.5,
    "num_nodes": 118,
    "num_edges": 358,
    "fidelity_mean_signed": 0.41734408142147006,
    "fidelity_positive_rate": 0.8666666666666667,
    "fidelity_median": 0.38112790882587433
  }
}